Event,Avg sales
Normal days,34609.33651149747
Religious,34426.24074074074
National,29458.50980392157
Cultural,34718.59459459459
Sporting,35796.0625
