Event,Avg sales
Normal days,34238.73808188446
Religious,34128.77777777778
National,38163.490196078434
Cultural,39270.2972972973
Sporting,39825.625
