State,Avg sales on SNAP days,Avg sales on remaining days
TX,10643.5125,9543.85626441199
WI,10832.6625,8892.503458877787
CA,15823.4234375,14657.74481168332
